task_id,phase,task_code,title,description,status,priority,depends_on,estimated_hours,actual_hours,date_started,date_completed,notes
1,0,0.1.1,Studio struct/numpy binari,Ripassare struct.unpack numpy.fromfile numpy.frombuffer per file binari,done,high,,2,3,2026-03-17,2026-03-19,Acquisito in pratica: FRAME_EXT_DTYPE con 12 campi strutturati + np.memmap su file reale da 50MB. Skill dimostrata in task 1.2.1 (dtypes.py) 1.3.1-1.3.2 (reverse eng struttura frame). Nessuno studio formale necessario — appreso per costruzione.
2,0,0.1.2,Studio scipy signal processing,Ripassare find_peaks filtri Butterworth sosfiltfilt,done,high,,2,1,2026-03-17,2026-03-19,Basi teoriche consolidate durante progettazione preprocessing (Fase 4). Implementazione pratica avviene in task 4.1.1 (Butterworth) e 4.10.2 (find_peaks). Studio formale non serve prima — si impara costruendo.
3,0,0.1.3,Lettura documentazione Plotly.js,Panoramica Plotly.js per visualizzazioni future,todo,low,,1,,,,Non bloccante
4,0,0.2.1,Creare repo GitHub,Creare repository eit-clinical su GitHub,done,high,,0.5,,2026-03-17,2026-03-17,Repository fastEIT creata su GitHub con LICENSE Apache-2.0 e README placeholder
5,0,0.2.2,Struttura directory progetto,Creare tutta la struttura src/eitclinical/ con tutti i moduli vuoti __init__.py,done,high,4,1,,2026-03-17,2026-03-17,Struttura completa con placeholder e TODO per ogni modulo
6,0,0.2.3,Creare directory docs e notebooks,docs/ docs/reverse_eng/ notebooks/ con file placeholder,done,medium,4,0.5,,2026-03-17,2026-03-17,docs/eidors_analysis.md + docs/eit_format.md + reverse_eng/ + notebooks/ creati
7,0,0.3.1,Configurare pyproject.toml,Dependencies numpy scipy pandas pyarrow matplotlib h5py + dev deps,done,high,5,1,,2026-03-17,2026-03-17,hatchling build; core + [pyeit] + [dev] deps; pytest markers; ruff py310
8,0,0.3.2,Configurare optional dependencies,[pyeit] per compatibilità [dev] per test,todo,low,7,0.5,,,,
9,0,0.4.1,Workflow test.yml,GitHub Actions pytest Python 3.10 3.11 3.12,done,high,7,1,,2026-03-17,2026-03-17,.github/workflows/test.yml creato — matrix 3.10/3.11/3.12 pip install -e .[dev] pytest tests/ -v
10,0,0.4.2,Workflow lint.yml,GitHub Actions ruff linting,done,medium,7,0.5,,2026-03-17,2026-03-17,.github/workflows/lint.yml creato — ruff check src/ tests/ + ruff format --check
11,0,0.4.3,Configurare pytest markers,slow octave markers in pyproject.toml,done,medium,7,0.5,,2026-03-17,2026-03-17,Markers slow e octave definiti in pyproject.toml [tool.pytest.ini_options]
12,0,0.5.1,Classe astratta BaseParser,parsers/base.py con metodo parse(path) -> RawData,done,high,5,1,2026-03-18,2026-03-18,BaseParser ABC con parse/validate/@abstractmethod + parse_safe() — 6 test verdi,
13,0,0.5.2,Dataclass RawData — BaseData + BinData,"\""models/base_data.py BaseData + models/bin_data.py BinData (architettura multi-formato). RawData rinominata. dtype inline nel test — dtypes.py rinviato a Task 1.2.1\""",done,high,5,1.5,2026-03-18,2026-03-18,BaseData dataclass + BinData con properties (timestamps/pixels/global_signal/roi_signals/roi_signal) — 14 test verdi,
14,0,0.5.3,Dataclass Breath,models/breath.py: migrare da Flask valutare cosa tenere,todo,high,5,2,,,,RIMANDATO a Fase 4 — nasce dopo breath detection. Valutare Flask code quando arriva Task 3.1.x
17,0,0.6.1,Config dataclass base,config.py con sezioni parsing filtering lung_mask breath_detection peep features export,done,high,5,2,2026-03-18,2026-03-18,DeviceConfig completa (fs=50Hz n_electrodes=16 n_measurements=208 pixel_grid=(32x32) frame_size_base=4358 frame_size_ext=4382 con commenti byte breakdown). PreprocessingConfig e AnalysisConfig stub con pass + TODO Fase 4/5. Config con field(default_factory=) corretto. base_data.py: rimosso import Config — fs=50.0 hardcoded con commento. 20 test verdi ruff clean.,
18,0,0.6.2,Config preset default,Valori validati dalla letteratura per ogni parametro,todo,medium,17,1,,,,Citare paper per ogni default
19,0,0.6.3,Config preset sensitive e permissive,Preset ARDS e respiro spontaneo,todo,low,18,1,,,,
20,0,0.7.1,README base,Visione progetto installazione quickstart disclaimer,done,medium,5,1,,2026-03-17,2026-03-17,Badge license/python/status + differenziatori + installazione + quickstart placeholder + disclaimer
21,0,0.7.2,LICENSE file,Apache-2.0 license text,done,high,4,0.2,,2026-03-17,2026-03-17,LICENSE Apache-2.0 completo nel repo (201 righe)
22,0,0.7.3,CITATION.cff placeholder,Struttura base da completare dopo pubblicazione,todo,low,4,0.3,,,,
23,1,1.1.1,Funzione autodetect frame size,Prova 4358 e 4382 su file_size errore se nessuno divide,done,high,12,1,2026-03-20,2026-03-21,Implementata detect_bin_format_from_size() in parsers/detection.py. File reali: bin_formats.py (FormatSpec registry) + bin_utils.py + parsers/errors.py. Gestisce zero/uno/multi candidati con errori tipizzati. Tests in task 1.1.2.,
24,1,1.1.2,Test autodetect,File sintetici dimensioni corrette e incorrette,done,high,23,1,2026-03-21,2026-03-26,Coperti in test_parser_routing.py: bin detection/frame-size divisibility ambiguous unsupported-ext vendor-aliases tabular-timpel. .eit detection rimanda a 2.3.1 (NotImplementedError atteso).
25,1,1.2.1,Definire dtype frame base,numpy dtype strutturato per 4358 byte,done,high,23,2,2026-03-19,2026-03-19,dtypes.py: FRAME_BASE_DTYPE(4358b) FRAME_EXT_DTYPE(4382b) ts=<f8 min_max_flag+event_marker separati medibus_data=<f4(52). BinData aggiornato: timestamps/min_max_flags/event_markers. 20 test verdi in test_dtypes.py,
26,1,1.2.2,Implementare parse_bin versione veloce,np.fromfile con dtype per tutto il file,done,high,25,2,1.5,2026-03-21,2026-03-21,Implementata DragerBinParser.parse() con detect_bin_format_from_size + memmap slicing + stima fs da timestamp + sanitizzazione sentinels + estrazione medibus dict. Test core parser/data verdi.
27,1,1.2.3,Implementare parse_bin versione streaming,Generatore per file >500MB,todo,medium,26,2,,,,
28,1,1.3.1,Investigare padding 208 byte con file reale,Capire se contiene Medibus o altro,done,high,26,3,2026-03-19,2026-03-19,Confermato: 208 byte = 52 x float32 Medibus waveforms. Sentinel 0xFF7FC99E=-3.4e38 (MEDIBUS disconnesso). Vedi docs/reverse_eng/bin_format.md,
29,1,1.3.2,Investigare 24 byte extra frame esteso,Capire struttura 4382 vs 4358,done,high,28,2,2026-03-19,2026-03-20,2026-03-20 fix architetturale definitivo confermato da eitprocessing draeger.py (Apache-2.0): BASE(4358b) idx0-50 comuni+idx51=Tlow; EXT(4382b) idx0-50 comuni+idx51=PHigh+idx52=Plow+idx53=Tlow(spostato!)+idx54-57=Pod. I due formati NON sono BASE+6 extra: condividono solo idx0-50 e divergono da idx51. Struttura dtypes.py: _MEDIBUS_COMMON(51)+MEDIBUS_BASE_FIELDS(52)+MEDIBUS_EXT_FIELDS(58) separati con alias MEDIBUS_FIELDS=MEDIBUS_BASE_FIELDS e MEDIBUS_INDEX=MEDIBUS_BASE_INDEX. 22 test verdi.,
30,1,1.3.3,Implementare estrazione Medibus,Pressioni volumi flussi PEEP dal frame esteso,todo,high,29,3,,,,
31,1,1.3.4,Implementare estrazione PressurePod,4 waveform pressione continue,todo,medium,29,1,,,,
32,1,1.4.1,Procurarsi file .bin reale,Dal PulmoVista o dal collega,done,critical,,0,,2026-03-17,2026-03-17,File .bin reale disponibile (più varianti con e senza PressurePod)
33,1,1.4.2,Confronto pixel con output MATLAB collega,Frame 0 pixel 0 deve corrispondere,todo,high,32,2,,,,
34,1,1.4.3,Verificare timestamp crescenti plausibili,Controllare monotonia e range,done,high,32,1,2026-03-19,2026-03-19,ts[0]=0.7576=18:10:54 coincide col header .eit. Monotona=True. dt=0.0200s esatto (50Hz). Vedi bin_format.md §4.1,
35,1,1.4.4,Verificare pixel range ragionevole,No NaN no inf valori fisicamente sensati,done,high,32,1,2026-03-19,2026-03-19,shape (11500 32 32). min=-7.73 max=28.53. NaN=0 Inf=0. Cross-valida con .asc (stessa scala). Vedi bin_format.md §4.2,
36,1,1.4.5,Verificare Medibus valori clinici,PEEP pressioni volumi plausibili,done,high,30,1,2026-03-19,2026-03-19,MEDIBUS non connesso in questi file: sentinel -3.4e38. PressurePod attivo: Paw 10-38 mbar Pes 6-18 mbar Ptp -2/+25 mbar. Naming idx 54-57 da confermare. Vedi bin_format.md §4.3-4.4,
37,1,1.4.6,Documentare discrepanze trovate,Note su differenze con EIDORS/collega,todo,medium,33,1,,,,
38,1,1.5.1,Fixture pytest file sintetico base,conftest.py genera .bin 3 frame base valori noti,done,high,26,0.5,2026-03-26,2026-03-26,Fixture bin_3frames in tests/conftest.py. 3 frame FRAME_BASE_DTYPE 50Hz frame i→pixels=i+1. 152 test verdi.
39,1,1.5.2,Fixture pytest file sintetico esteso,conftest.py genera .bin 3 frame esteso valori noti,todo,high,30,1,,,,
40,1,1.5.3,Test conteggio frame,n_frames corretto per base e esteso,done,high,38,0.5,2026-03-26,2026-03-26,test_n_frames_from_fixture in test_bin_parser.py via bin_3frames fixture.
41,1,1.5.4,Test valori pixel,pixel[0][0] corrisponde al valore scritto,done,high,38,0.5,2026-03-26,2026-03-26,test_pixel_values_per_frame + test_pixel_specific_position in test_bin_parser.py.
42,1,1.5.5,Test timestamp,timestamp[i] corrisponde al valore scritto,done,high,38,0.5,2026-03-26,2026-03-26,test_timestamps_match_fixture + test_timestamps_monotonically_increasing in test_bin_parser.py.
43,1,1.5.6,Test event text,event_text leggibile e corretto,todo,medium,38,0.5,,,,
44,1,1.5.7,Test Medibus round-trip,Valori Medibus scritti = letti (frame esteso),todo,high,39,0.5,,,,
45,1,1.5.8,Test file troncato,Errore pulito con messaggio utile,todo,medium,38,0.5,,,,
46,1,1.5.9,Test file vuoto,Errore pulito,todo,medium,38,0.3,,,,
47,1,1.5.10,Test round-trip completo,Scrivi sintetico leggi verifica tutti i campi,done,high,38,0.5,2026-03-26,2026-03-26,test_roundtrip_via_load_data in test_bin_parser.py. Verifica n_frames/pixels/timestamps/metadata via load_data().
48,1,1.6.1,Script Octave cross-validazione .bin,Carica con eidors_readimg salva .mat,todo,low,32,2,,,,Richiede Octave installato
49,1,1.6.2,Test Python confronto .mat,scipy.io.loadmat confronto valori,todo,low,48,1,,,,
50,2,2.0.1,Scaricare EIDORS da SourceForge,Scaricare zip completo eidors-v3.x,done,critical,,1,,,2026-03-25,EIDORS source accessed via SourceForge in session agent
51,2,2.0.2,Trovare read_draeger_header in sorgente,eidors_readdata.m dopo riga 1402,done,critical,50,1,,,2026-03-25,read_draeger_header found and analyzed — notebook §1
52,2,2.0.3,Trovare read_draeger_file in sorgente,Stessa funzione altra subfunzione,done,critical,50,1,,,2026-03-25,read_draeger_file found and analyzed — notebook §5
53,2,2.0.4,Annotare read_draeger_header,Per ogni fread: offset tipo n_valori significato,done,high,51,3,,,2026-03-25,header fields documented in notebook §1 and §6
54,2,2.0.5a,Annotare read_draeger_file parte 1,Prima metà del codice: struttura frame header area iniziale e timing/contatore. Per ogni fread: offset tipo n_valori significato. Deliverable: sezione in docs/eidors_analysis.md,done,high,52,2,,,2026-03-25,"trans_A/B, injection_current, voltage_A/B documented — notebook §3/§5/§6"
55,2,2.0.6,Salvare note in docs/eidors_analysis.md,Documentazione comprensione formato NO copia codice GPL,todo,high,213,2,,,,
56,2,2.1.1,Procurarsi file .eit reale,Dal PulmoVista,done,critical,,0,,2026-03-17,2026-03-17,File .eit reale disponibile (più varianti con e senza PressurePod)
57,2,2.1.2,Hexdump primi 4KB,xxd file.eit | head -256 salvare in docs/reverse_eng/,done,high,56,1,2026-03-19,2026-03-19,Analisi hexdump inclusa in eit_format.ipynb. Binary start confermato a offset 7554 (p01) e 7546 (p02).,
58,2,2.1.3,Estrarre stringhe ASCII,strings file.eit | head -50 salvare,done,high,56,0.5,2026-03-19,2026-03-19,Header ASCII estratto e documentato in eit_format.ipynb: version 51 data ora frequenza gain etc.,
59,2,2.1.4,Identificare magic string,---Draeger EIT-Software--- nei primi byte,done,high,57,0.5,2026-03-19,2026-03-19,Magic string confermata: ---Draeger EIT-Software V1.30--- al byte 0x33 (dopo preamble 12 byte),
60,2,2.1.5,Parsare metadati header testuale,Data ora framerate versione ecc,done,high,59,2,2026-03-19,2026-03-19,Tutti i campi estratti in eit_format.ipynb: format=51 date/time freq=101.5kHz rate=50Hz gain=65 samples=508 periods=11,
61,2,2.1.6,Trovare fine header inizio dati binari,Byte offset dove finisce ASCII inizia binario,done,high,60,1,2026-03-19,2026-03-19,Determinato in task 2.1.2: offset 7554 (patient01) e 7546 (patient02). L'offset varia perché dipende dalla lunghezza dell'header ASCII. Algoritmo: scan forward fino al primo byte non-ASCII dopo i metadati.,
62,2,2.1.7,Confrontare con read_draeger_header EIDORS,Verifica corrispondenza findings vs codice,done,high,61,1,,,2026-03-25,EIDORS read_draeger_header compared in detail — notebook §1 and §5
63,2,2.1.8,Salvare header decodificato,docs/reverse_eng/03_header_parsed.txt,done,medium,60,0.5,,,2026-03-25,header decoded in notebook cell 7 (parse_header + redact_header)
64,2,2.2.1a,Documentare layout frame parte 1,Area tensioni primarie e correnti iniezione: offset 0-321. Tabella byte-per-byte per ogni campo. Deliverable: prima metà tabella in docs/eit_format.md,done,high,55,2,,,2026-03-25,frame layout table (all 5495 bytes) documented — notebook §3
65,2,2.2.2,Calcolare dimensione frame,Verificare con file_size - header_size,done,high,214,1,,,2026-03-25,5495 bytes/frame confirmed on all 3 test files — notebook §2
66,2,2.2.3,Creare diagramma byte-per-byte,Per docs/eit_format.md,todo,medium,64,2,,,,
67,2,2.3.1,Implementare parse_eit_header,Leggere header ASCII estrarre metadata,done,high,61,3,2026-03-27,2026-03-27,Implementato in eit_utils.py::parse_eit_header()
68,2,2.3.2,Implementare autodetect formato,Draeger vs Carefusion dal magic string,done,medium,67,1,2026-03-27,2026-03-27,Implementato in detection.py::detect_vendor_from_eit_header() + header_formats.py registry
69,2,2.3.3,Test header parsing,File reale header parsato correttamente,todo,high,67,1,,,,
70,2,2.4.1a,Implementare parse_eit_frames apertura e loop,Apertura file da header_size. Loop frame. Estrazione v_primary e v_secondary per ogni frame con numpy o struct. Deliverable: funzione che itera i frame e restituisce raw voltages,done,high,65,2,2026-03-27,2026-03-27,Implementato in eit_parser.py con np.memmap + FRAME_EIT_DTYPE
71,2,2.4.2,Implementare calcolo transimpedenze,vv = ft[0]*primary - ft[1]*secondary,done,high,215,2,2026-03-27,2026-03-27,vv=FT_A*trans_A-FT_B*trans_B + I_real + V_diff in eit_parser.py step 5
72,2,2.4.3,Implementare versione numpy veloce,dtype strutturato per tutto il file,done,medium,70,2,2026-03-27,2026-03-27,FRAME_EIT_DTYPE 5495B strutturato in eit_dtypes.py; np.memmap in parser
73,2,2.4.4,Implementare versione streaming,Per file grandi,todo,low,70,2,,,,
74,2,2.5.1,Metodo to_pyeit_format,(208 N_frames) -> (N_frames 208),done,medium,71,1,2026-03-27,2026-03-27,measurements già shape (N_frames,208) — nessuna trasposizione necessaria
75,2,2.5.2,Documentare pattern stimolazione,Adjacent drive 16 elettrodi 5mA rotate_meas,done,medium,74,0.5,,2026-03-27,Documented in docs/parsers.md §3 + std/fmmu ordering note. Empirical test in notebook §9.
76,2,2.6.1,Script Octave cross-validazione .eit,eidors_readdata DRAEGER-EIT salva .mat,todo,medium,71,2,,,,Richiede Octave
77,2,2.6.2,Confronto Python vs EIDORS,rtol=1e-4 documentare differenze,todo,medium,76,2,,,,
78,2,2.7.1,Test header parsing corretto,Framerate data corretti,todo,high,67,0.5,,,,
79,2,2.7.2,Test numero frame coerente,N_frames = durata x framerate,todo,high,71,0.5,,,,
80,2,2.7.3,Test transimpedenze range plausibile,Ordine millivolt,todo,high,71,0.5,,,,
81,2,2.7.4,Test timestamp crescenti,Monotonia,todo,high,71,0.5,,,,
82,2,2.7.5,Test file non-Draeger errore,Magic string assente -> errore chiaro,todo,medium,67,0.5,,,,
83,2,2.7.6,Test file troncato errore,Errore pulito con posizione,todo,medium,71,0.5,,,,
84,2,2.8.1a,docs/eit_format.md parte 1,Sezione header ASCII (magic string struttura metadati) e tabella layout frame binario (offset tipo n_bytes significato). Deliverable: prima metà del documento pubblicabile,todo,high,66,2,,,,Deliverable pubblicabile
85,2,2.8.2,Valutare pubblicazione Zenodo con DOI,Per rendere citabile indipendentemente,todo,low,216,1,,,,
86,3,3.1.1,Portare file Flask backend per valutazione,Caricare in conversazione Claude per review,todo,critical,,1,,,,
87,3,3.1.2,Identificare mapping nomi colonne inglese,Lista colonne PulmoVista -> snake_case,todo,high,86,1,,,,Valore alto da preservare. File reale è .asc con encoding latin-1 (non .txt/.csv)
88,3,3.1.3,Identificare classi riusabili,Breath BreathAnalyzer ecc dal Flask,todo,high,86,1,,,,
89,3,3.1.4,Decidere cosa tenere/refactorare/riscrivere,Valutazione per ogni pezzo,todo,high,88,1,,,,
90,3,3.2.1,Documentare formato CSV/TXT PulmoVista,Separatore header colonne unità encoding,todo,high,87,2,,,,
91,3,3.2.2,Documentare varianti firmware,Differenze tra versioni PulmoVista,todo,medium,90,1,,,,
92,3,3.3.1,Refactor parser CSV in csv_parser.py,Dalla codebase Flask ripulito e strutturato,done,high,89,3,1.5,2026-03-21,2026-03-21,DragerAscParser completo in parsers/draeger/asc/asc_parser.py: detect_vendor_from_tabular + header metadata + waveform table + snake_case cols + fs estimation. Registrato in loader.py per .asc/.txt/.csv. Timpel e advanced col mapping sono task separate (3.x).
93,3,3.3.2,Gestione encoding,UTF-8 Latin-1 autodetect,todo,medium,92,1,,,,
94,3,3.4.1,Test CSV sintetico,File sintetico valori noti,todo,high,92,1,,,,
95,3,3.4.2,Test CSV reale,File reale se disponibile,todo,medium,92,1,,,,
244,4,4.0.1,Implementare sentinel replacement nel preprocessing layer,"\""Prima operazione di ogni pipeline di preprocessing: copiare memmap in RAM e applicare replace_no_data_sentinels su pixels e medibus_data. Questo è il confine netto tra parsing lazy e preprocessing eager.\""",todo,high,,1,,,,Prima task quando Fase 4 apre. bin_utils.replace_no_data_sentinels già esiste.
96,4,4.1.1,Implementare butterworth_lowpass,cutoff=0.5Hz order=4 sosfiltfilt zero-phase,todo,high,13,2,,,,Citare Wisse 2024
97,4,4.1.2,Implementare butterworth_bandpass e highpass,Opzionali,todo,low,96,1,,,,
98,4,4.1.3,Test filtro sintetico,Cuore 1.2Hz + respiro 0.3Hz cuore attenuato >90%,todo,high,96,1,,,,
99,4,4.2.1,Implementare MDN filter,Multiple Digital Notch come Wisse 2024,todo,low,96,4,,,,Post-v1
100,BACKLOG,4.3.1,Implementare filtro perfusione banda 1-3Hz,Per componente cardiaca pixel-per-pixel,todo,low,96,3,,,,Fuori scope — solo ventilazione
101,4,4.4.1,Implementare lung mask threshold,TIV per pixel soglia 20% max o percentile config,todo,high,96,2,,,,Citare Zhao 2010 TREND 2017
102,4,4.4.2,Implementare lung mask Otsu,Soglia automatica zero config,todo,medium,101,1,,,,
103,4,4.4.3,Test lung mask sintetica,Immagine con polmone e background mask corretta,todo,high,101,1,,,,
104,4,4.5.1,Implementare lung mask LAEM,Soglia 50% simmetrizzazione sottrazione cardiaca,todo,low,101,3,,,,Opzione avanzata Zhao 2016
105,4,4.6.1,Implementare lung mask Watershed,scipy.ndimage Watershed,todo,low,101,3,,,,Opzione avanzata Somhorst 2026
106,4,4.7.1,Morphological closing,scipy.ndimage.binary_closing per chiudere buchi,todo,medium,101,1,,,,
107,4,4.7.2,Rimozione componenti piccole,scipy.ndimage.label + filtro area,todo,medium,106,1,,,,
108,4,4.7.3,Opzionale forzamento simmetria,Per detectare artefatti contatto elettrodo,todo,low,107,1,,,,
109,4,4.8.1,ROI fisse standard,4 fasce 2 metà 4 quadranti 8 sub-ROI,todo,high,101,2,,,,
110,4,4.8.2,ROI adattive Summers,Divide zona ventilata in 4 parti uguali adattandosi al contour,todo,medium,109,3,,,,
111,4,4.8.3,Intersezione ROI con lung mask,roi & lung_mask per ogni ROI,todo,high,109,0.5,,,,
112,4,4.8.4,Conteggio ventilated pixels per ROI,N pixel ventilati in ogni ROI,todo,medium,111,0.5,,,,
113,4,4.9.1,Impedenza globale,Somma pixel in lung_mask per frame,todo,high,101,1,,,,
114,4,4.9.2,Impedenza regionale per ROI,Dict di segnali regionali,todo,medium,113,1,,,,
115,4,4.10.1,Pre-filtering per breath detection,Passa-banda 0.1-1.5Hz prima di find_peaks,todo,high,113,1,,,,Miglioramento vs collega
116,4,4.10.2,Implementare find_peaks inspiratorio,find_peaks con prominence distance width adattivi,todo,high,115,2,,,,
117,4,4.10.3,Implementare find_peaks espiratorio,find_peaks(-signal) per valleys,todo,high,116,1,,,,
118,4,4.10.4,Assemblare breath tuples,(idx_start idx_peak idx_end) per ogni breath,todo,high,117,1,,,,
119,4,4.10.5,Parametri tunabili breath detection,min/max duration min_prominence in Config,todo,high,118,1,,,,
120,4,4.10.6,Test breath sinusoidale,Segnale noto breath detection corretta,todo,high,118,1,,,,
121,4,4.10.7,Test breath con artefatto,Artefatto escluso o flaggato,todo,medium,118,1,,,,
122,4,4.10.8,Test respiro spontaneo irregolare,Detection ragionevole su segnale variabile,todo,medium,118,1,,,,
123,4,4.11.1,Implementare quality flags,ok short_breath long_breath artifact low_signal suspect_ti_ratio negative_delta_z,todo,high,118,2,,,,
124,4,4.11.2,Flag = classificazione non scarto,Breath flaggati restano come da_valutare,todo,high,123,0.5,,,,
125,4,4.12.1,Config preset default per preprocessing,Valori evidence-based con citazione,todo,high,119,1,,,,
126,4,4.12.2,Config preset sensitive e permissive,Per ARDS e respiro spontaneo,todo,medium,125,1,,,,
127,4,4.13.1,Pipeline Session.from_raw integrato,Sequenza completa: filtro mask ROI impedenza breath flags,todo,high,124,3,,,,
128,4,4.13.2,Step intermedi accessibili,session.lung_mask session.global_impedance ecc,todo,high,127,1,,,,
129,4,4.13.3,Test end-to-end preprocessing sintetico,Dati sintetici attraverso tutto il pipeline,todo,high,127,2,,,,
130,5,5.1.1,Implementare compute_eeli,EELI globale e per ROI per breath,todo,high,127,2,,,,Citare Frerichs 2017
131,5,5.1.2,Implementare compute_tiv,TIV globale e per ROI per breath,todo,high,127,2,,,,Citare Frerichs 2017
132,5,5.1.3,Implementare compute_gi_index,GI = sum|DI-median|/sum|DI|,todo,high,131,2,,,,Citare Zhao 2009
133,5,5.1.4,Implementare compute_cov,"\""CoV_VD (ventro-dorsale) e CoV_LR (sinistra-destra). Delphi 2025 cita entrambe come standard\""",todo,high,131,1.5,,,,Citare Frerichs 2006 + He H 2025 PMID 41158153
134,5,5.1.5,Implementare compute_cv,Coefficient of variation TIV pixel,todo,medium,131,1,,,,
135,5,5.1.6,Implementare durate breath,Ti Te Ttot Ti/Ttot freq respiratoria,todo,high,118,1,,,,
136,5,5.1.7,Implementare compliance dinamica,TIV/driving_pressure se Medibus disponibile,todo,medium,131,1,,,,
137,5,5.1.8,Test features globali sintetiche,Valori calcolabili a mano verificati,todo,high,134,2,,,,
138,5,5.2.1,Implementare EELI regionale per ROI,Per halves quadrants sub-ROI,todo,high,130,2,,,,
139,5,5.2.2,Implementare TIV regionale per ROI,Idem,todo,high,131,1,,,,
140,5,5.2.3,Implementare % ventilazione regionale,TIV_ROI/TIV_global x 100,todo,high,139,0.5,,,,
141,5,5.2.4,Implementare V/D ratio,TIV ventrale / TIV dorsale,todo,high,139,0.5,,,,
142,5,5.2.5,Implementare silent spaces,Spadaro 2018: pixel < 10% max TIV ventral/dorsal %,todo,high,139,1,,,,
143,5,5.2.6,Implementare compliance regionale,Per ROI se driving_pressure disponibile,todo,medium,139,1,,,,
144,5,5.2.7,Test features regionali,Valori noti sintetici,todo,high,142,2,,,,
145,5,5.3.1,Implementare delta Z pixel per pixel,np.max - np.min vettorizzato per breath,todo,high,131,1,,,,
146,5,5.3.2,"\""Implementare RVD e SDRVD\""","\""Metodo t40 (40% del ΔZ tidale) per RVD pixel-wise. SDRVD = SD(RVD) nella lung_mask. NON usare np.argmax (tempo al picco) che sovrastima il delay\""",todo,medium,145,2,,,,Citare Muders 2012 + Delphi 2025 per SDRVD
147,5,5.3.3,Implementare fEIT images,SD pixel durante ventilazione tidale,todo,medium,145,1,,,,
148,5,5.3.4,Implementare ITV metodo Lowhagen,8 iso-volumi distribuzione regionale,todo,low,145,4,,,,Post-v1
149,5,5.3.5,Implementare OD/CL metodo Costa,Compliance pixel-wise a diversi PEEP,todo,low,145,4,,,,Post-v1 citare Costa 2009
150,5,5.4.1,Implementare pendelluft index,Yoshida 2013,todo,low,145,3,,,,Post-v1
151,5,5.4.2,Implementare strain index,Feature avanzata,todo,low,145,3,,,,Post-v1
152,5,5.5.1,Implementare feature registry,Decoratore @register_feature per custom features,todo,medium,130,2,,,,
153,5,5.6.1,Breath dataclass completa,Tutti gli attributi feature + to_dict(),todo,high,137,2,,,,
154,5,5.6.2,PeepStep dataclass completa,Aggregazione features per step,todo,high,153,1,,,,
156,5,5.7.2,PEEP detection Livello 2 EELI experimental,Derivata EELI smoothato soglia segmenti stabili,todo,high,113,3,,,,Marcare experimental warning
157,5,5.7.3,Logica cascading L1 -> L2,Medibus disponibile usa L1 altrimenti L2 con warning,todo,high,156,1,,,,
158,5,5.7.4,Flag peep_stable peep_transition peep_step_id,Per ogni breath,todo,high,157,1,,,,
159,5,5.7.5,Parametri tunabili PEEP detection,smoothing_window step_threshold min_duration in Config,todo,high,156,1,,,,
160,5,5.8.1,PEEP aggregation per step,Mediana IQR min max n_breaths per feature per step,todo,high,158,2,,,,Dalla vecchia roadmap
161,5,5.8.2,Esclusione transitorio post-cambio PEEP,Primi N breath configurabili esclusi,todo,high,160,1,,,,
162,5,5.8.3,Flag stabilità step,Segnala step instabile se variabilità alta,todo,medium,160,1,,,,
163,5,5.9.1,Trend temporali breath-per-breath,EELI TIV GI CoV come serie temporale,todo,medium,131,2,,,,Dalla vecchia roadmap
164,5,5.10.1,Design validation study PEEP L2,Protocollo: >=30 registrazioni Medibus+EELI metriche Bland-Altman,todo,medium,157,2,,,,Non software pianificazione studio
165,5,5.11.1,Test GI=0 ventilazione omogenea,Sintetico tutti pixel uguali GI deve essere 0,todo,high,132,0.5,,,,
166,5,5.11.2,Test CoV=0.5 distribuzione simmetrica,Sintetico V=D CoV deve essere 0.5,todo,high,133,0.5,,,,
167,5,5.11.3,Test silent_spaces=0 tutto sopra soglia,Sintetico tutti pixel > soglia SS=0%,todo,high,142,0.5,,,,
168,6,6.1.1,Implementare Session.to_dataframe,Assembla Breath in DataFrame 1 riga per respiro,todo,high,153,2,,,,
169,6,6.1.2,Colonne complete da reference doc,Tutte le features + metadata + quality_flag + peep_step_id,todo,high,168,1,,,,Vedi sezione 4.1 reference doc
170,6,6.1.3,Formato tidyverse compatibile,snake_case nomi coerenti,todo,medium,168,0.5,,,,
171,6,6.2.1,Implementare Session.save HDF5,Salva frames tidal_images lung_mask in .h5,todo,high,168,2,,,,h5py
172,6,6.2.2,Struttura HDF5 definita,/frames /tidal_images /lung_mask /metadata,todo,high,171,1,,,,
173,6,6.3.1,Implementare Study.from_folder,Processa tutti i file in cartella,todo,high,168,2,,,,
174,6,6.3.2,Estrazione patient_id da filename regex,Pattern configurabile,todo,medium,173,1,,,,
175,6,6.3.3,Implementare Study.to_dataframe,Con patient_id + session_id,todo,high,173,1,,,,
176,6,6.4.1,Export CSV,to_csv per R e Excel,todo,high,168,1,,,,
177,6,6.4.2,Export Parquet,to_parquet per Python e ML,todo,high,168,1,,,,
178,6,6.4.3,Export Excel,to_excel openpyxl opzionale,todo,low,168,1,,,,
179,6,6.4.4,Export per PEEP step,1 riga per step mediana IQR,todo,high,160,1,,,,
180,6,6.4.5,Export trend,Serie temporale breath-per-breath,todo,medium,163,1,,,,
181,6,6.5.1,Implementare to_ml_dataset,Normalizzazione split by patient (X y metadata),todo,medium,175,3,,,,
182,6,6.6.1,API high-level Session.from_file,Una riga per tutto,todo,high,127,1,,,,
183,6,6.6.2,API high-level Study.from_folder,Una riga per multi-paziente,todo,high,173,1,,,,
184,6,6.7.1,Test end-to-end sintetico -> CSV,File sintetico -> Session -> DataFrame -> CSV -> rileggi -> verifica,todo,high,176,2,,,,
185,6,6.7.2,Test Study 3 file -> DataFrame,3 sintetici -> Study -> 3 patient_id nel DataFrame,todo,high,175,1,,,,
186,7,7.1.1,Implementare to_pyeit_format,(208 N_frames) -> (N_frames 208) trasposta,done,medium,74,1,1,2026-03-27,2026-03-27,measurements gia shape (N_frames,208) — nessuna trasposizione. to_pyeit_format non necessario.
187,7,7.1.2,Documentare pattern stimolazione pyEIT,Adjacent 16el 5mA rotate_meas,done,medium,186,0.5,0.5,2026-03-27,2026-03-27,Adjacent 16el dist_exc=1 step_meas=1 parser_meas=std. 16x13=208. Documentato in eit_greit.py docstring.
188,7,7.1.3,Notebook esempio .eit -> pyEIT,notebooks/03_pyeit_integration.ipynb,done,medium,186,3,3,2026-03-27,2026-03-27,notebooks/03_eit_parser_validation.ipynb — sezioni 6-9 con GREIT reconstruction + confronto .bin
189,7,7.2.1,Implementare from_pyeit_reconstruction,Interpolazione mesh -> 32x32 griddata,done,medium,188,3,3,2026-03-27,2026-03-27,eit_greit.py: build_greit() + reconstruct_greit(). Output (N_frames,32,32) gia negato e ruotato 90CCW. ref_frame esterno per cross-file EELI.
190,7,7.2.2,Documentare interpolazione,Una riga nel methods di ogni paper,todo,medium,189,0.5,,,,
191,7,7.4.1,Test sintetico pyEIT round-trip,Dati -> pyEIT -> ricostruzione -> features,todo,medium,189,2,,,,
192,7,7.4.2,Test correlazione .bin vs .eit+pyEIT,Features devono correlare sullo stesso paziente,todo,medium,191,2,,,,
193,BACKLOG,B.1,GUI wrapper pyEIT in eit-studio,Dropdown algoritmo override parametri end-to-end dal .eit,todo,low,,8,,,,Post v1.0
194,BACKLOG,B.2,Guida acquisizione EIT bedside,Wizard step-by-step per protocollo PEEP trial,todo,low,,6,,,,Post v1.0
196,BACKLOG,B.4,Supporto multi-vendor,Timpel Sentec come eitprocessing,done,low,,12,8,2026-03-22,2026-03-22,TimpelTabularParser implementato completo: validate() + parse() con slicing + NaN sentinel + aux_signals. TIMPEL_FRAME_DTYPE (ts+pixels 32x32). 41 test verdi. Coverage 93%. Sentec rimane todo.
197,BACKLOG,B.5,Docker compose deployment,Django + Postgres + Redis containerizzato,todo,low,,4,,,,Post v1.0
198,BACKLOG,B.6,Valutazione GDPR multi-utente,Con DPO per deployment cloud,todo,low,,2,,,,Post v1.0
199,1,V.1,Implementare plot_frame heatmap,Heatmap 32x32 singolo frame matplotlib,todo,high,26,1,,,,Per debugging
200,4,V.2,Implementare plot_frame_with_mask,Heatmap + contorno mask sovrapposto,todo,high,101,1,,,,
201,VIZ,V.3,Implementare plot_tidal_image,Mappa TIV di un respiro,todo,medium,131,1,,,,
202,4,V.4,Implementare plot_global_impedance,Segnale nel tempo + breath markers,todo,high,118,1,,,,
203,4,V.5,Implementare plot_lung_mask,Mask binaria visualizzata,todo,medium,101,1,,,,
204,VIZ,V.6,Implementare plot_peep_steps,EELI con PEEP step evidenziati,todo,medium,157,1,,,,
205,VIZ,V.7,Implementare plot_features_over_time,Dashboard EELI TIV CoV GI nel tempo,todo,medium,163,2,,,,
206,D,D.0,Creare branch dev,git checkout -b dev && git push -u origin dev. Da questo momento tutto il lavoro va su dev o feature branch da dev. Main = solo codice rilasciato,done,critical,,0.1,0.1,2026-03-24,2026-03-24,Branch dev creato da main e pushato con -u
207,D,D.1,CODE_OF_CONDUCT.md,Contributor Covenant v2.1 lingua inglese. Branch docs/code-of-conduct da dev. Merge in dev.,done,high,206,0.2,0.3,2026-03-24,2026-03-24,Merged via PR. Nota: prima PR andata su main per errore poi fixata con cherry-pick e force push dev
208,D,D.2,CONTRIBUTING.md,Sezioni: bug report / feature request / dev setup / code style / testing / PR process. Rimandare a docs/parsing_layer.md per parser. NON menzionare roadmap futura (OPSEC). Branch docs/contributing da dev.,done,high,207,0.5,0.4,2026-03-24,2026-03-24,Merged via PR. Intro resa piu accogliente con commit diretto su dev
210,O,O.1,Vettorizzare sentinel loop in DragerBinParser,Sostituire i due loop Python in bin_parser.py (pixel step 6 + medibus step 8) con operazione numpy vettorizzata sull intero array 3D. replace_no_data_sentinels accetta gia array — basta passare tutto il blocco in una sola chiamata. Branch fix/sentinel-vectorize da dev.,done,medium,206,0.5,0.3,2026-03-24,2026-03-24,Merged via PR. 51 test verdi. Chiude issue #3. Milestone 1.
211,B,B.1,Notebook benchmark memmap vs struct.unpack,notebooks/benchmark_parsing.ipynb — genera file .bin sintetici 1/10/50/100/500MB — benchmark np.memmap vs struct.unpack loop — plot tempo e RAM — conclusione in markdown. Branch bench/memmap-vs-struct da dev.,done,low,210,1,2026-03-24,2026-03-24,2,Biglietto da visita per community. Fare DOPO O.1 cosi misura codice ottimizzato
212,CI,CI.1,GitHub Action build check matrix,Action che fa pip install . (senza -e) su Python 3.10/3.11/3.12 — verifica che il pacchetto si installi correttamente. Trigger su push dev e PR su dev/main. Integra con test.yml esistente o action separata. Branch ci/build-check da dev.,done,medium,206,0.3,0.3,2026-03-24,2026-03-24,build.yml creato. test.yml e lint.yml estesi a dev. Merged su main per errore poi sincronizzato con merge main->dev
214,D,D.4,MkDocs setup,pip install mkdocs mkdocs-material mkdocstrings. mkdocs.yml con nav: Home/Data Model/Parsing Layer. docs/index.md copia README estesa. mkdocs serve per verifica. Opzionale GitHub Action gh-deploy. Branch docs/mkdocs-setup da dev.,todo,low,209,0.5,,,,Nice to have pre-release
215,P,P.1,GitHub profile README,Creare repo Kernel236/Kernel236. README: chi sei (anestesista/R analyst/dev Python) interessi (EIT ventilazione meccanica analisi dati clinici sicurezza informatica) progetti (fastEIT con link) stack (Python R Bash JS). NON menzionare startup/agenti/Django. Lingua inglese tono professionale. Semplice: 25-30 righe. Fare PRIMA di esposizione community.,done,high,206,0.3,0.5,2026-03-24,2026-03-24,Repo Kernel236/Kernel236 creata. README con bio ICU/CS badge linguaggi TryHackMe fastEIT link
218,E,E.2,PR a eitprocessing se accettano,Fork implementa nel loro codebase seguendo le loro convenzioni. Se accettano offri anche porting del .bin parser.,todo,low,217,3,,,,
213,2,2.0.5b,Annotare read_draeger_file parte 2,Seconda metà: tensioni principali secondarie segnali e fine frame. Completare annotazione. Deliverable: sezione completa in docs/eidors_analysis.md verificabile,todo,high,54,2,,,,
216,2,2.8.1b,docs/eit_format.md parte 2,Sezione formula transimpedenze (ft factors spiegati). Esempi pratici con valori reali. Confronto con formato Carefusion. Note versioni firmware. Deliverable: documento completo pubblicabile,todo,high,84,2,,,,Deliverable pubblicabile
217,11,11.1,Generazione chiavi progetto,Script tools/keygen.py genera coppia Ed25519. public_key.pem committata in fasteit/trust/. Private key mai nel repo. Deliverable: public key nel pacchetto installabile,todo,low,,1,,,,Dipende da Fase 10
219,11,11.3,Tool firma credential (maintainer),Script tools/sign_credential.py: credential.json + private_key.pem → signature.sig. Deliverable: round-trip test firma→verifica,todo,low,217,1,,,,
220,11,11.4,Verifica firma credential nel software,fasteit/trust/verify.py — verify_credential(credential_path sig_path) → bool. Usa public_key inclusa nel pacchetto. Offline. Deliverable: test con credential valida / scaduta / firma alterata,todo,low,219,2,,,,
221,11,11.5,Trust level per annotazioni,Flag trusted:bool nelle annotazioni basato su credential attiva al momento. Deliverable: annotazione trusted marcata diversamente in export,todo,low,220,1,,,,
222,11,11.6,Esportazione model bundle firmato,Script tools/export_bundle.py assembla weights+config+metrics+training_metadata+credential+signature. Deliverable: bundle esportabile e verificabile,todo,low,220,2,,,,
223,11,11.7,Verifica bundle lato maintainer,Script tools/verify_bundle.py: verifica firma + credential + stampa report (contributor site metriche stato). Deliverable: script CLI su bundle reale,todo,low,222,1,,,,
224,11,11.8,Model registry,model_registry.json con stati candidate/promoted/rejected. Traccia contributor_id data metriche hash weights. Deliverable: registry aggiornabile con script,todo,low,223,1,,,,
225,11,11.9,UI confronto modelli in eit-studio,Tabella modelli con metriche affiancate. Azioni promuovi/rigetta con note. Deliverable: pagina Django funzionante,todo,low,224,2,,,,
226,11,11.10,Documentazione contributor workflow,docs/contributor_guide.md: come diventare trusted contributor allenare esportare bundle proporlo. Deliverable: documento pubblicabile,todo,low,223,1,,,,
227,1,1.3.3,Investigare formato .get (raw transimpedanze?),File .get da software Dräger: 1024 byte/frame = 256x float32. Capire se sono le 256 coppie elettrodo full-matrix o altro. Confrontare struttura con .bin e .eit,todo,high,28,2,,,,Ipotesi: matrice 16x16 transimpedanze grezze (pre-ricostruzione). patient01.get=11776000 byte/11500frame=1024b/frame. Verificare su patient02.get atteso 12441600b
228,2,2.1.6,Investigare struttura interna frame .eit,"\""Frame=5495 byte: ts(8)+?. 5487 byte rimanenti non divisibili per 4 -> campo non-float32. Ipotesi: 208 misure complex float32 + pixel data 32x32. Validare con EIDORS (Task 2.0)\""",done,high,59,3,,,2026-03-25,full frame layout documented — notebook §3 annotated hexdump
229,1,1.3.5,Fix naming _MEDIBUS_EXT_EXTRA in dtypes.py,"\""Rinominare le ultime 4 tuple: idx54=airway_pressure_pod idx55=esophageal_pressure_pod idx56=transpulmonary_pressure_pod idx57=gastric_pressure_pod. Aggiornare MEDIBUS_EXT_INDEX. Aggiornare test in test_dtypes.py\""",done,high,29,0.5,2026-03-19,2026-03-19,Fix completato — time_at_low_pressure_pod rimosso gastric_pressure_pod aggiunto test aggiornati 22/22 verdi,
230,1,1.4.6,Documenta reverse eng .bin,Notebook bin_format.ipynb completo con hexdump annotato,done,high,26,2,2026-03-19,2026-03-19,bin_format.ipynb esteso: sezione Healthy_Lung (01_Healthy_Lung_01.bin) EXT 4382b a 20Hz no PressurePod. Scoperta: Drager USA SEMPRE 4382b indipendente da PressurePod. Pod assente = idx54-57 sentinel 0xFF7FC99E. PHigh idx51 = ultimo standard (non ext). Nomi idx52-53 corretti: Plow/Tlow,
231,2,2.1.7,Documenta reverse eng .eit,Notebook eit_format.ipynb con header+frame size,done,high,56,1,2026-03-19,2026-03-19,docs/reverse_eng/eit_format.ipynb — frame_size=5495 ts confermato binary_start=preamble[1]+8,
232,1,1.3.6,Analisi prototipo vecchio ASC parser,"\""Analisi docs/prototype_analysis.md: breath detection PEEP detection features 150+ per breath. Utile come spec per Task 3.x-4.x\""",done,medium,,1,2026-03-19,2026-03-19,Prototipo analizzato — logica documentata in docs/prototype_analysis.md,
233,1,1.0.1,Definire parser registry contract,"\""Definire mapping esplicito (vendor extension) -> parser factory e policy strict. Obiettivo: routing deterministico e API stabile per chiamata diretta parser\""",done,high,12,1,0.5,2026-03-26,loader.py completo: ParserFactory type alias + default_parser_registry() + _normalize_vendor() + vendor aliases. Testato in test_parser_routing.py.
234,1,1.0.2,Implementare load_data orchestrator,"\""Entry point unico: detect vendor/formato -> build parser -> parse_safe -> metadata detection. Deve funzionare su singolo file e restare indipendente da parser .eit specifico\""",done,high,233,1.5,0.5,2026-03-26,load_data() + load_many() + load_folder() completi in loader.py. Metadata detection.vendor/extension/bin_format attaccati a BaseData. Testati batch e skip-on-error.
235,1,1.0.3,Implementare load_many_data batch mixed,"\""API batch per lista file multi-estensione multi-vendor con report per-file (ok/error). Non bloccare tutto al primo errore\""",todo,high,234,2,,,,
236,1,1.0.4,Consolidare autodetect vendor .bin,"\""Usare BIN_FORMAT_SPECS come source of truth e spec.vendor come chiave routing. Coprire validazione estensione e file size\""",todo,high,23,1,,,,
237,1,1.0.5,Implementare score_format_sanity per .bin ambiguo,"\""Quando più frame size dividono file_size calcolare score su campioni start/middle/end e scegliere spec migliore\""",todo,high,236,2,,,,
238,1,1.0.6,Integrare score in detect_best_format,"\""Sostituire placeholder AmbiguousFormatError con decisione score-based in strict/non-strict con messaggi diagnostici\""",todo,high,237,1,,,,
240,1,1.0.8,Integrare sentinel replacement in parse bin,"\""SPOSTATO A PREPROCESSING. Parser è lazy by design — non copia in RAM non rimpiazza valori. replace_no_data_sentinels va chiamata nel preprocessing layer come prima operazione prima di qualsiasi calcolo.\""",cancelled,high,239,0,,,2026-03-26,Rimosso deliberatamente dal parser (refactor/lazy-parsing branch). Prima task di Fase 4: 4.0.1.
242,1,1.0.10,Test unit detection e routing single file,"\""Test per detect_vendor_and_format build_parser_for_detection load_data con fixture sintetiche minime\""",todo,high,234,1.5,,,,
243,1,1.0.11,Test unit batch mixed,"\""Test load_many_data con mix .bin/.eit/.csv e parser mancanti. Verificare report successi fallimenti\""",todo,medium,235,1.5,,,,
7.0.1,7,7.0.1,GREIT reconstruction bridge,eit_greit.py: reconstruct_greit() + build_greit() wrapping pyEIT GREIT. Sign correction + rot90 for anatomical orientation. External ref_frame for cross-recording EELI.,done,high,,2,2,,2026-03-27,Implemented in src/fasteit/parsers/draeger/eit/eit_greit.py. Validated in notebook 03 §6-8.
7.0.2,7,7.0.2,Validate std vs fmmu protocol,Empirical test: which pyEIT measurement ordering matches Dräger .eit binary layout?,in_progress,critical,7.0.1,1,2026-03-27,,Test cell in notebook 03 §9 — needs to be run by Riccardo to determine correct parser_meas.
7.0.3,7,7.0.3,Validate .eit/.bin frame alignment,Cross-correlation lag check — prerequisite for ML paired dataset.,in_progress,critical,7.0.1,0.5,2026-03-27,,Cross-correlation cell in notebook 03 §10 — needs to be run.
ML.1,ML,ML.1,Data-driven reconstruction — Ridge baseline,sklearn Ridge regression X=(N_frames 208) y=(N_frames 1024). Learn Draeger reconstruction matrix empirically from paired .eit/.bin data.,todo,high,7.0.3,3,,,Branch feat/ml-reconstruction. Prerequisite: lag=0 confirmed in 7.0.3.
ML.2,ML,ML.2,ML training notebook,Training curves / epochs / validation set / SSIM vs .bin frames,todo,high,ML.1,3,,,Notebook 04_ml_reconstruction.ipynb
ML.3,ML,ML.3,Evaluate CNN option,Compare Ridge vs small CNN (U-Net or MLP) on same paired dataset,todo,medium,ML.2,4,,,Only if Ridge spatial quality insufficient
